000000000000000000000000;[000000000000000000000000];person;person1
000000000000000000000001;[000000000000000000000000];person;person2
000000000000000000000002;[000000000000000000000000];person;person3
000000000000000000000003;[000000000000000000000000];person;person4
000000000000000000000004;[000000000000000000000000];person;person5
000000000000000000000005;[000000000000000000000000];person;person6
000000000000000000000006;[000000000000000000000000];person;person7
000000000000000000000007;[000000000000000000000000];person;person8
000000000000000000000008;[000000000000000000000000];person;person9
000000000000000000000009;[000000000000000000000000];person;person10
000000000000000000000010;[000000000000000000000000];person;person11
000000000000000000000011;[000000000000000000000000];person;person12
000000000000000000000012;[000000000000000000000000];person;person13
000000000000000000000013;[000000000000000000000000];person;person14
000000000000000000000014;[000000000000000000000000];person;person15
000000000000000000000015;[000000000000000000000000];person;person16
000000000000000000000016;[000000000000000000000000];person;person17
000000000000000000000017;[000000000000000000000000];person;person18
000000000000000000000018;[000000000000000000000000];person;person19
000000000000000000000019;[000000000000000000000000];person;person20
000000000000000000000020;[000000000000000000000000];person;person21
000000000000000000000021;[000000000000000000000000];person;person22
000000000000000000000022;[000000000000000000000000];person;person23
000000000000000000000023;[000000000000000000000000];person;person24
000000000000000000000024;[000000000000000000000000];person;person25
000000000000000000000025;[000000000000000000000000];person;person26
000000000000000000000026;[000000000000000000000000];person;person27
000000000000000000000027;[000000000000000000000000];person;person28
000000000000000000000028;[000000000000000000000000];person;person29
000000000000000000000029;[000000000000000000000000];person;person30
000000000000000000000030;[000000000000000000000000];person;person31
000000000000000000000031;[000000000000000000000000];person;person32
000000000000000000000032;[000000000000000000000000];person;person33
000000000000000000000033;[000000000000000000000000];person;person34
000000000000000000000034;[000000000000000000000000];person;person35
000000000000000000000035;[000000000000000000000000];person;person36
000000000000000000000036;[000000000000000000000000];person;person37
000000000000000000000037;[000000000000000000000000];person;person38
000000000000000000000038;[000000000000000000000000];person;person39
000000000000000000000039;[000000000000000000000000];person;person40
000000000000000000000040;[000000000000000000000000];person;person41
000000000000000000000041;[000000000000000000000000];person;person42
000000000000000000000042;[000000000000000000000000];person;person43
000000000000000000000043;[000000000000000000000000];person;person44
000000000000000000000044;[000000000000000000000000];person;person45
000000000000000000000045;[000000000000000000000000];person;person46
000000000000000000000046;[000000000000000000000000];person;person47
000000000000000000000047;[000000000000000000000000];person;person48
000000000000000000000048;[000000000000000000000000];person;person49
000000000000000000000049;[000000000000000000000000];person;person50
000000000000000000000050;[000000000000000000000000];person;person51
000000000000000000000051;[000000000000000000000000];person;person52
000000000000000000000052;[000000000000000000000000];person;person53
000000000000000000000053;[000000000000000000000000];person;person54
000000000000000000000054;[000000000000000000000000];person;person55
000000000000000000000055;[000000000000000000000000];person;person56
000000000000000000000056;[000000000000000000000000];person;person57
000000000000000000000057;[000000000000000000000000];person;person58
000000000000000000000058;[000000000000000000000000];person;person59
000000000000000000000059;[000000000000000000000000];person;person60
000000000000000000000060;[000000000000000000000000];person;person61
000000000000000000000061;[000000000000000000000000];person;person62
000000000000000000000062;[000000000000000000000000];person;person63
000000000000000000000063;[000000000000000000000000];person;person64
000000000000000000000064;[000000000000000000000000];person;person65
000000000000000000000065;[000000000000000000000000];person;person66
000000000000000000000066;[000000000000000000000000];person;person67
000000000000000000000067;[000000000000000000000000];person;person68
000000000000000000000068;[000000000000000000000000];person;person69
000000000000000000000069;[000000000000000000000000];person;person70
000000000000000000000070;[000000000000000000000000];person;person71
000000000000000000000071;[000000000000000000000000];person;person72
000000000000000000000072;[000000000000000000000000];person;person73
000000000000000000000073;[000000000000000000000000];person;person74
000000000000000000000074;[000000000000000000000000];person;person75
000000000000000000000075;[000000000000000000000000];person;person76
000000000000000000000076;[000000000000000000000000];person;person77
000000000000000000000077;[000000000000000000000000];person;person78
000000000000000000000078;[000000000000000000000000];person;person79
000000000000000000000079;[000000000000000000000000];person;person80
000000000000000000000080;[000000000000000000000000];person;person81
000000000000000000000081;[000000000000000000000000];person;person82
000000000000000000000082;[000000000000000000000000];person;person83
000000000000000000000083;[000000000000000000000000];person;person84
000000000000000000000084;[000000000000000000000000];person;person85
000000000000000000000085;[000000000000000000000000];person;person86
000000000000000000000086;[000000000000000000000000];person;person87
000000000000000000000087;[000000000000000000000000];person;person88
000000000000000000000088;[000000000000000000000000];person;person89
000000000000000000000089;[000000000000000000000000];person;person90
000000000000000000000090;[000000000000000000000000];person;person91
000000000000000000000091;[000000000000000000000000];person;person92
000000000000000000000092;[000000000000000000000000];person;person93
000000000000000000000093;[000000000000000000000000];person;person94
000000000000000000000094;[000000000000000000000000];person;person95
000000000000000000000095;[000000000000000000000000];person;person96
000000000000000000000096;[000000000000000000000000];person;person97
000000000000000000000097;[000000000000000000000000];person;person98
000000000000000000000098;[000000000000000000000000];person;person99
000000000000000000000099;[000000000000000000000000];person;person100
000000000000000000000100;[000000000000000000000000];person;person101
000000000000000000000101;[000000000000000000000000];person;person102
000000000000000000000102;[000000000000000000000000];person;person103
000000000000000000000103;[000000000000000000000000];person;person104
000000000000000000000104;[000000000000000000000000];person;person105
000000000000000000000105;[000000000000000000000000];person;person106
000000000000000000000106;[000000000000000000000000];person;person107
000000000000000000000107;[000000000000000000000000];person;person108
000000000000000000000108;[000000000000000000000000];person;person109
000000000000000000000109;[000000000000000000000000];person;person110
000000000000000000000110;[000000000000000000000000];person;person111
000000000000000000000111;[000000000000000000000000];person;person112
000000000000000000000112;[000000000000000000000000];person;person113
000000000000000000000113;[000000000000000000000000];person;person114
000000000000000000000114;[000000000000000000000000];person;person115
000000000000000000000115;[000000000000000000000000];person;person116
000000000000000000000116;[000000000000000000000000];person;person117
000000000000000000000117;[000000000000000000000000];person;person118
000000000000000000000118;[000000000000000000000000];person;person119
000000000000000000000119;[000000000000000000000000];person;person120
000000000000000000000120;[000000000000000000000000];person;person121
000000000000000000000121;[000000000000000000000000];person;person122
000000000000000000000122;[000000000000000000000000];person;person123
000000000000000000000123;[000000000000000000000000];person;person124
000000000000000000000124;[000000000000000000000000];person;person125
000000000000000000000125;[000000000000000000000000];person;person126
000000000000000000000126;[000000000000000000000000];person;person127
000000000000000000000127;[000000000000000000000000];person;person128
000000000000000000000128;[000000000000000000000000];person;person129
000000000000000000000129;[000000000000000000000000];person;person130
000000000000000000000130;[000000000000000000000000];person;person131
000000000000000000000131;[000000000000000000000000];person;person132
000000000000000000000132;[000000000000000000000000];person;person133
000000000000000000000133;[000000000000000000000000];person;person134
000000000000000000000134;[000000000000000000000000];person;person135
000000000000000000000135;[000000000000000000000000];person;person136
000000000000000000000136;[000000000000000000000000];person;person137
000000000000000000000137;[000000000000000000000000];person;person138
000000000000000000000138;[000000000000000000000000];person;person139
000000000000000000000139;[000000000000000000000000];person;person140
000000000000000000000140;[000000000000000000000000];person;person141
000000000000000000000141;[000000000000000000000000];person;person142
000000000000000000000142;[000000000000000000000000];person;person143
000000000000000000000143;[000000000000000000000000];person;person144
000000000000000000000144;[000000000000000000000000];person;person145
000000000000000000000145;[000000000000000000000000];person;person146
000000000000000000000146;[000000000000000000000000];person;person147
000000000000000000000147;[000000000000000000000000];person;person148
000000000000000000000148;[000000000000000000000000];person;person149
000000000000000000000149;[000000000000000000000000];person;person150
000000000000000000000150;[000000000000000000000000];person;person151
000000000000000000000151;[000000000000000000000000];person;person152
000000000000000000000152;[000000000000000000000000];person;person153
000000000000000000000153;[000000000000000000000000];person;person154
000000000000000000000154;[000000000000000000000000];person;person155
000000000000000000000155;[000000000000000000000000];person;person156
000000000000000000000156;[000000000000000000000000];person;person157
000000000000000000000157;[000000000000000000000000];person;person158
000000000000000000000158;[000000000000000000000000];person;person159
000000000000000000000159;[000000000000000000000000];person;person160
000000000000000000000160;[000000000000000000000000];person;person161
000000000000000000000161;[000000000000000000000000];person;person162
000000000000000000000162;[000000000000000000000000];person;person163
000000000000000000000163;[000000000000000000000000];person;person164
000000000000000000000164;[000000000000000000000000];person;person165
000000000000000000000165;[000000000000000000000000];person;person166
000000000000000000000166;[000000000000000000000000];person;person167
000000000000000000000167;[000000000000000000000000];person;person168
000000000000000000000168;[000000000000000000000000];person;person169
000000000000000000000169;[000000000000000000000000];person;person170
000000000000000000000170;[000000000000000000000000];person;person171
000000000000000000000171;[000000000000000000000000];person;person172
000000000000000000000172;[000000000000000000000000];person;person173
000000000000000000000173;[000000000000000000000000];person;person174
000000000000000000000174;[000000000000000000000000];person;person175
000000000000000000000175;[000000000000000000000000];person;person176
000000000000000000000176;[000000000000000000000000];person;person177
000000000000000000000177;[000000000000000000000000];person;person178
000000000000000000000178;[000000000000000000000000];person;person179
000000000000000000000179;[000000000000000000000000];person;person180
000000000000000000000180;[000000000000000000000000];person;person181
000000000000000000000181;[000000000000000000000000];person;person182
000000000000000000000182;[000000000000000000000000];person;person183
000000000000000000000183;[000000000000000000000000];person;person184
000000000000000000000184;[000000000000000000000000];person;person185
000000000000000000000185;[000000000000000000000000];person;person186
000000000000000000000186;[000000000000000000000000];person;person187
000000000000000000000187;[000000000000000000000000];person;person188
000000000000000000000188;[000000000000000000000000];person;person189
000000000000000000000189;[000000000000000000000000];person;person190
000000000000000000000190;[000000000000000000000000];person;person191
000000000000000000000191;[000000000000000000000000];person;person192
000000000000000000000192;[000000000000000000000000];person;person193
000000000000000000000193;[000000000000000000000000];person;person194
000000000000000000000194;[000000000000000000000000];person;person195
000000000000000000000195;[000000000000000000000000];person;person196
000000000000000000000196;[000000000000000000000000];person;person197
000000000000000000000197;[000000000000000000000000];person;person198
000000000000000000000198;[000000000000000000000000];person;person199
000000000000000000000199;[000000000000000000000000];person;person200
000000000000000000000200;[000000000000000000000000];person;person201
000000000000000000000201;[000000000000000000000000];person;person202
000000000000000000000202;[000000000000000000000000];person;person203
000000000000000000000203;[000000000000000000000000];person;person204
000000000000000000000204;[000000000000000000000000];person;person205
000000000000000000000205;[000000000000000000000000];person;person206
000000000000000000000206;[000000000000000000000000];person;person207
000000000000000000000207;[000000000000000000000000];person;person208
000000000000000000000208;[000000000000000000000000];person;person209
000000000000000000000209;[000000000000000000000000];person;person210
000000000000000000000210;[000000000000000000000000];person;person211
000000000000000000000211;[000000000000000000000000];person;person212
000000000000000000000212;[000000000000000000000000];person;person213
000000000000000000000213;[000000000000000000000000];person;person214
000000000000000000000214;[000000000000000000000000];person;person215
000000000000000000000215;[000000000000000000000000];person;person216
000000000000000000000216;[000000000000000000000000];person;person217
000000000000000000000217;[000000000000000000000000];person;person218
000000000000000000000218;[000000000000000000000000];person;person219
000000000000000000000219;[000000000000000000000000];person;person220
000000000000000000000220;[000000000000000000000000];person;person221
000000000000000000000221;[000000000000000000000000];person;person222
000000000000000000000222;[000000000000000000000000];person;person223
000000000000000000000223;[000000000000000000000000];person;person224
000000000000000000000224;[000000000000000000000000];person;person225
000000000000000000000225;[000000000000000000000000];person;person226
000000000000000000000226;[000000000000000000000000];person;person227
000000000000000000000227;[000000000000000000000000];person;person228
000000000000000000000228;[000000000000000000000000];person;person229
000000000000000000000229;[000000000000000000000000];person;person230
000000000000000000000230;[000000000000000000000000];person;person231
000000000000000000000231;[000000000000000000000000];person;person232
000000000000000000000232;[000000000000000000000000];person;person233
000000000000000000000233;[000000000000000000000000];person;person234
000000000000000000000234;[000000000000000000000000];person;person235
000000000000000000000235;[000000000000000000000000];person;person236
000000000000000000000236;[000000000000000000000000];person;person237
000000000000000000000237;[000000000000000000000000];person;person238
000000000000000000000238;[000000000000000000000000];person;person239
000000000000000000000239;[000000000000000000000000];person;person240
000000000000000000000240;[000000000000000000000000];person;person241
000000000000000000000241;[000000000000000000000000];person;person242
000000000000000000000242;[000000000000000000000000];person;person243
000000000000000000000243;[000000000000000000000000];person;person244
000000000000000000000244;[000000000000000000000000];person;person245
000000000000000000000245;[000000000000000000000000];person;person246
000000000000000000000246;[000000000000000000000000];person;person247
000000000000000000000247;[000000000000000000000000];person;person248
000000000000000000000248;[000000000000000000000000];person;person249
000000000000000000000249;[000000000000000000000000];person;person250
000000000000000000000250;[000000000000000000000000];person;person251
000000000000000000000251;[000000000000000000000000];person;person252
000000000000000000000252;[000000000000000000000000];person;person253
000000000000000000000253;[000000000000000000000000];person;person254
000000000000000000000254;[000000000000000000000000];person;person255
000000000000000000000255;[000000000000000000000000];person;person256
000000000000000000000256;[000000000000000000000000];person;person257
000000000000000000000257;[000000000000000000000000];person;person258
000000000000000000000258;[000000000000000000000000];person;person259
000000000000000000000259;[000000000000000000000000];person;person260
000000000000000000000260;[000000000000000000000000];person;person261
000000000000000000000261;[000000000000000000000000];person;person262
000000000000000000000262;[000000000000000000000000];person;person263
000000000000000000000263;[000000000000000000000000];person;person264
000000000000000000000264;[000000000000000000000000];person;person265
000000000000000000000265;[000000000000000000000000];person;person266
000000000000000000000266;[000000000000000000000000];person;person267
000000000000000000000267;[000000000000000000000000];person;person268
000000000000000000000268;[000000000000000000000000];person;person269
000000000000000000000269;[000000000000000000000000];person;person270
000000000000000000000270;[000000000000000000000000];person;person271
000000000000000000000271;[000000000000000000000000];person;person272
000000000000000000000272;[000000000000000000000000];person;person273
000000000000000000000273;[000000000000000000000000];person;person274
000000000000000000000274;[000000000000000000000000];person;person275
000000000000000000000275;[000000000000000000000000];person;person276
000000000000000000000276;[000000000000000000000000];person;person277
000000000000000000000277;[000000000000000000000000];person;person278
000000000000000000000278;[000000000000000000000000];person;person279
000000000000000000000279;[000000000000000000000000];person;person280
000000000000000000000280;[000000000000000000000000];person;person281
000000000000000000000281;[000000000000000000000000];person;person282
000000000000000000000282;[000000000000000000000000];person;person283
000000000000000000000283;[000000000000000000000000];person;person284
000000000000000000000284;[000000000000000000000000];person;person285
000000000000000000000285;[000000000000000000000000];person;person286
000000000000000000000286;[000000000000000000000000];person;person287
000000000000000000000287;[000000000000000000000000];person;person288
000000000000000000000288;[000000000000000000000000];person;person289
000000000000000000000289;[000000000000000000000000];person;person290
000000000000000000000290;[000000000000000000000000];person;person291
000000000000000000000291;[000000000000000000000000];person;person292
000000000000000000000292;[000000000000000000000000];person;person293
000000000000000000000293;[000000000000000000000000];person;person294
000000000000000000000294;[000000000000000000000000];person;person295
000000000000000000000295;[000000000000000000000000];person;person296
000000000000000000000296;[000000000000000000000000];person;person297
000000000000000000000297;[000000000000000000000000];person;person298
000000000000000000000298;[000000000000000000000000];person;person299
000000000000000000000299;[000000000000000000000000];person;person300
000000000000000000000300;[000000000000000000000000];person;person301
000000000000000000000301;[000000000000000000000000];person;person302
000000000000000000000302;[000000000000000000000000];person;person303
000000000000000000000303;[000000000000000000000000];person;person304
000000000000000000000304;[000000000000000000000000];person;person305
000000000000000000000305;[000000000000000000000000];person;person306
000000000000000000000306;[000000000000000000000000];person;person307
000000000000000000000307;[000000000000000000000000];person;person308
000000000000000000000308;[000000000000000000000000];person;person309
000000000000000000000309;[000000000000000000000000];person;person310
000000000000000000000310;[000000000000000000000000];person;person311
000000000000000000000311;[000000000000000000000000];person;person312
000000000000000000000312;[000000000000000000000000];person;person313
000000000000000000000313;[000000000000000000000000];person;person314
000000000000000000000314;[000000000000000000000000];person;person315
000000000000000000000315;[000000000000000000000000];person;person316
000000000000000000000316;[000000000000000000000000];person;person317
000000000000000000000317;[000000000000000000000000];person;person318
000000000000000000000318;[000000000000000000000000];person;person319
000000000000000000000319;[000000000000000000000000];person;person320
000000000000000000000320;[000000000000000000000000];person;person321
000000000000000000000321;[000000000000000000000000];person;person322
000000000000000000000322;[000000000000000000000000];person;person323
000000000000000000000323;[000000000000000000000000];person;person324
000000000000000000000324;[000000000000000000000000];person;person325
000000000000000000000325;[000000000000000000000000];person;person326
000000000000000000000326;[000000000000000000000000];person;person327
000000000000000000000327;[000000000000000000000000];person;person328
000000000000000000000328;[000000000000000000000000];person;person329
000000000000000000000329;[000000000000000000000000];person;person330
000000000000000000000330;[000000000000000000000000];person;person331
000000000000000000000331;[000000000000000000000000];person;person332
000000000000000000000332;[000000000000000000000000];person;person333
000000000000000000000333;[000000000000000000000000];person;person334
000000000000000000000334;[000000000000000000000000];person;person335
000000000000000000000335;[000000000000000000000000];person;person336
000000000000000000000336;[000000000000000000000000];person;person337
000000000000000000000337;[000000000000000000000000];person;person338
000000000000000000000338;[000000000000000000000000];person;person339
000000000000000000000339;[000000000000000000000000];person;person340
000000000000000000000340;[000000000000000000000000];person;person341
000000000000000000000341;[000000000000000000000000];person;person342
000000000000000000000342;[000000000000000000000000];person;person343
000000000000000000000343;[000000000000000000000000];person;person344
000000000000000000000344;[000000000000000000000000];person;person345
000000000000000000000345;[000000000000000000000000];person;person346
000000000000000000000346;[000000000000000000000000];person;person347
000000000000000000000347;[000000000000000000000000];person;person348
000000000000000000000348;[000000000000000000000000];person;person349
000000000000000000000349;[000000000000000000000000];person;person350
000000000000000000000350;[000000000000000000000000];person;person351
000000000000000000000351;[000000000000000000000000];person;person352
000000000000000000000352;[000000000000000000000000];person;person353
000000000000000000000353;[000000000000000000000000];person;person354
000000000000000000000354;[000000000000000000000000];person;person355
000000000000000000000355;[000000000000000000000000];person;person356
000000000000000000000356;[000000000000000000000000];person;person357
000000000000000000000357;[000000000000000000000000];person;person358
000000000000000000000358;[000000000000000000000000];person;person359
000000000000000000000359;[000000000000000000000000];person;person360
000000000000000000000360;[000000000000000000000000];person;person361
000000000000000000000361;[000000000000000000000000];person;person362
000000000000000000000362;[000000000000000000000000];person;person363
000000000000000000000363;[000000000000000000000000];person;person364
000000000000000000000364;[000000000000000000000000];person;person365
000000000000000000000365;[000000000000000000000000];person;person366
000000000000000000000366;[000000000000000000000000];person;person367
000000000000000000000367;[000000000000000000000000];person;person368
000000000000000000000368;[000000000000000000000000];person;person369
000000000000000000000369;[000000000000000000000000];person;person370
000000000000000000000370;[000000000000000000000000];person;person371
000000000000000000000371;[000000000000000000000000];person;person372
000000000000000000000372;[000000000000000000000000];person;person373
000000000000000000000373;[000000000000000000000000];person;person374
000000000000000000000374;[000000000000000000000000];person;person375
000000000000000000000375;[000000000000000000000000];person;person376
000000000000000000000376;[000000000000000000000000];person;person377
000000000000000000000377;[000000000000000000000000];person;person378
000000000000000000000378;[000000000000000000000000];person;person379
000000000000000000000379;[000000000000000000000000];person;person380
000000000000000000000380;[000000000000000000000000];person;person381
000000000000000000000381;[000000000000000000000000];person;person382
000000000000000000000382;[000000000000000000000000];person;person383
000000000000000000000383;[000000000000000000000000];person;person384
000000000000000000000384;[000000000000000000000000];person;person385
000000000000000000000385;[000000000000000000000000];person;person386
000000000000000000000386;[000000000000000000000000];person;person387
000000000000000000000387;[000000000000000000000000];person;person388
000000000000000000000388;[000000000000000000000000];person;person389
000000000000000000000389;[000000000000000000000000];person;person390
000000000000000000000390;[000000000000000000000000];person;person391
000000000000000000000391;[000000000000000000000000];person;person392
000000000000000000000392;[000000000000000000000000];person;person393
000000000000000000000393;[000000000000000000000000];person;person394
000000000000000000000394;[000000000000000000000000];person;person395
000000000000000000000395;[000000000000000000000000];person;person396
000000000000000000000396;[000000000000000000000000];person;person397
000000000000000000000397;[000000000000000000000000];person;person398
000000000000000000000398;[000000000000000000000000];person;person399
000000000000000000000399;[000000000000000000000000];person;person400
000000000000000000000400;[000000000000000000000000];person;person401
000000000000000000000401;[000000000000000000000000];person;person402
000000000000000000000402;[000000000000000000000000];person;person403
000000000000000000000403;[000000000000000000000000];person;person404
000000000000000000000404;[000000000000000000000000];person;person405
000000000000000000000405;[000000000000000000000000];person;person406
000000000000000000000406;[000000000000000000000000];person;person407
000000000000000000000407;[000000000000000000000000];person;person408
000000000000000000000408;[000000000000000000000000];person;person409
000000000000000000000409;[000000000000000000000000];person;person410
000000000000000000000410;[000000000000000000000000];person;person411
000000000000000000000411;[000000000000000000000000];person;person412
000000000000000000000412;[000000000000000000000000];person;person413
000000000000000000000413;[000000000000000000000000];person;person414
000000000000000000000414;[000000000000000000000000];person;person415
000000000000000000000415;[000000000000000000000000];person;person416
000000000000000000000416;[000000000000000000000000];person;person417
000000000000000000000417;[000000000000000000000000];person;person418
000000000000000000000418;[000000000000000000000000];person;person419
000000000000000000000419;[000000000000000000000000];person;person420
000000000000000000000420;[000000000000000000000000];person;person421
000000000000000000000421;[000000000000000000000000];person;person422
000000000000000000000422;[000000000000000000000000];person;person423
000000000000000000000423;[000000000000000000000000];person;person424
000000000000000000000424;[000000000000000000000000];person;person425
000000000000000000000425;[000000000000000000000000];person;person426
000000000000000000000426;[000000000000000000000000];person;person427
000000000000000000000427;[000000000000000000000000];person;person428
000000000000000000000428;[000000000000000000000000];person;person429
000000000000000000000429;[000000000000000000000000];person;person430
000000000000000000000430;[000000000000000000000000];person;person431
000000000000000000000431;[000000000000000000000000];person;person432
000000000000000000000432;[000000000000000000000000];person;person433
000000000000000000000433;[000000000000000000000000];person;person434
000000000000000000000434;[000000000000000000000000];person;person435
000000000000000000000435;[000000000000000000000000];person;person436
000000000000000000000436;[000000000000000000000000];person;person437
000000000000000000000437;[000000000000000000000000];person;person438
000000000000000000000438;[000000000000000000000000];person;person439
000000000000000000000439;[000000000000000000000000];person;person440
000000000000000000000440;[000000000000000000000000];person;person441
000000000000000000000441;[000000000000000000000000];person;person442
000000000000000000000442;[000000000000000000000000];person;person443
000000000000000000000443;[000000000000000000000000];person;person444
000000000000000000000444;[000000000000000000000000];person;person445
000000000000000000000445;[000000000000000000000000];person;person446
000000000000000000000446;[000000000000000000000000];person;person447
000000000000000000000447;[000000000000000000000000];person;person448
000000000000000000000448;[000000000000000000000000];person;person449
000000000000000000000449;[000000000000000000000000];person;person450
000000000000000000000450;[000000000000000000000000];person;person451
000000000000000000000451;[000000000000000000000000];person;person452
000000000000000000000452;[000000000000000000000000];person;person453
000000000000000000000453;[000000000000000000000000];person;person454
000000000000000000000454;[000000000000000000000000];person;person455
000000000000000000000455;[000000000000000000000000];person;person456
000000000000000000000456;[000000000000000000000000];person;person457
000000000000000000000457;[000000000000000000000000];person;person458
000000000000000000000458;[000000000000000000000000];person;person459
000000000000000000000459;[000000000000000000000000];person;person460
000000000000000000000460;[000000000000000000000000];person;person461
000000000000000000000461;[000000000000000000000000];person;person462
000000000000000000000462;[000000000000000000000000];person;person463
000000000000000000000463;[000000000000000000000000];person;person464
000000000000000000000464;[000000000000000000000000];person;person465
000000000000000000000465;[000000000000000000000000];person;person466
000000000000000000000466;[000000000000000000000000];person;person467
000000000000000000000467;[000000000000000000000000];person;person468
000000000000000000000468;[000000000000000000000000];person;person469
000000000000000000000469;[000000000000000000000000];person;person470
000000000000000000000470;[000000000000000000000000];person;person471
000000000000000000000471;[000000000000000000000000];person;person472
000000000000000000000472;[000000000000000000000000];person;person473
000000000000000000000473;[000000000000000000000000];person;person474
000000000000000000000474;[000000000000000000000000];person;person475
000000000000000000000475;[000000000000000000000000];person;person476
000000000000000000000476;[000000000000000000000000];person;person477
000000000000000000000477;[000000000000000000000000];person;person478
000000000000000000000478;[000000000000000000000000];person;person479
000000000000000000000479;[000000000000000000000000];person;person480
000000000000000000000480;[000000000000000000000000];person;person481
000000000000000000000481;[000000000000000000000000];person;person482
000000000000000000000482;[000000000000000000000000];person;person483
000000000000000000000483;[000000000000000000000000];person;person484
000000000000000000000484;[000000000000000000000000];person;person485
000000000000000000000485;[000000000000000000000000];person;person486
000000000000000000000486;[000000000000000000000000];person;person487
000000000000000000000487;[000000000000000000000000];person;person488
000000000000000000000488;[000000000000000000000000];person;person489
000000000000000000000489;[000000000000000000000000];person;person490
000000000000000000000490;[000000000000000000000000];person;person491
000000000000000000000491;[000000000000000000000000];person;person492
000000000000000000000492;[000000000000000000000000];person;person493
000000000000000000000493;[000000000000000000000000];person;person494
000000000000000000000494;[000000000000000000000000];person;person495
000000000000000000000495;[000000000000000000000000];person;person496
000000000000000000000496;[000000000000000000000000];person;person497
000000000000000000000497;[000000000000000000000000];person;person498
000000000000000000000498;[000000000000000000000000];person;person499
000000000000000000000499;[000000000000000000000000];person;person500
000000000000000000000500;[000000000000000000000000];car;car1
000000000000000000000501;[000000000000000000000000];car;car2
000000000000000000000502;[000000000000000000000000];car;car3
000000000000000000000503;[000000000000000000000000];car;car4
000000000000000000000504;[000000000000000000000000];car;car5
000000000000000000000505;[000000000000000000000000];car;car6
000000000000000000000506;[000000000000000000000000];car;car7
000000000000000000000507;[000000000000000000000000];car;car8
000000000000000000000508;[000000000000000000000000];car;car9
000000000000000000000509;[000000000000000000000000];car;car10
000000000000000000000510;[000000000000000000000000];car;car11
000000000000000000000511;[000000000000000000000000];car;car12
000000000000000000000512;[000000000000000000000000];car;car13
000000000000000000000513;[000000000000000000000000];car;car14
000000000000000000000514;[000000000000000000000000];car;car15
000000000000000000000515;[000000000000000000000000];car;car16
000000000000000000000516;[000000000000000000000000];car;car17
000000000000000000000517;[000000000000000000000000];car;car18
000000000000000000000518;[000000000000000000000000];car;car19
000000000000000000000519;[000000000000000000000000];car;car20
000000000000000000000520;[000000000000000000000000];car;car21
000000000000000000000521;[000000000000000000000000];car;car22
000000000000000000000522;[000000000000000000000000];car;car23
000000000000000000000523;[000000000000000000000000];car;car24
000000000000000000000524;[000000000000000000000000];car;car25
000000000000000000000525;[000000000000000000000000];car;car26
000000000000000000000526;[000000000000000000000000];car;car27
000000000000000000000527;[000000000000000000000000];car;car28
000000000000000000000528;[000000000000000000000000];car;car29
000000000000000000000529;[000000000000000000000000];car;car30
000000000000000000000530;[000000000000000000000000];car;car31
000000000000000000000531;[000000000000000000000000];car;car32
000000000000000000000532;[000000000000000000000000];car;car33
000000000000000000000533;[000000000000000000000000];car;car34
000000000000000000000534;[000000000000000000000000];car;car35
000000000000000000000535;[000000000000000000000000];car;car36
000000000000000000000536;[000000000000000000000000];car;car37
000000000000000000000537;[000000000000000000000000];car;car38
000000000000000000000538;[000000000000000000000000];car;car39
000000000000000000000539;[000000000000000000000000];car;car40
000000000000000000000540;[000000000000000000000000];car;car41
000000000000000000000541;[000000000000000000000000];car;car42
000000000000000000000542;[000000000000000000000000];car;car43
000000000000000000000543;[000000000000000000000000];car;car44
000000000000000000000544;[000000000000000000000000];car;car45
000000000000000000000545;[000000000000000000000000];car;car46
000000000000000000000546;[000000000000000000000000];car;car47
000000000000000000000547;[000000000000000000000000];car;car48
000000000000000000000548;[000000000000000000000000];car;car49
000000000000000000000549;[000000000000000000000000];car;car50
000000000000000000000550;[000000000000000000000000];car;car51
000000000000000000000551;[000000000000000000000000];car;car52
000000000000000000000552;[000000000000000000000000];car;car53
000000000000000000000553;[000000000000000000000000];car;car54
000000000000000000000554;[000000000000000000000000];car;car55
000000000000000000000555;[000000000000000000000000];car;car56
000000000000000000000556;[000000000000000000000000];car;car57
000000000000000000000557;[000000000000000000000000];car;car58
000000000000000000000558;[000000000000000000000000];car;car59
000000000000000000000559;[000000000000000000000000];car;car60
000000000000000000000560;[000000000000000000000000];car;car61
000000000000000000000561;[000000000000000000000000];car;car62
000000000000000000000562;[000000000000000000000000];car;car63
000000000000000000000563;[000000000000000000000000];car;car64
000000000000000000000564;[000000000000000000000000];car;car65
000000000000000000000565;[000000000000000000000000];car;car66
000000000000000000000566;[000000000000000000000000];car;car67
000000000000000000000567;[000000000000000000000000];car;car68
000000000000000000000568;[000000000000000000000000];car;car69
000000000000000000000569;[000000000000000000000000];car;car70
000000000000000000000570;[000000000000000000000000];car;car71
000000000000000000000571;[000000000000000000000000];car;car72
000000000000000000000572;[000000000000000000000000];car;car73
000000000000000000000573;[000000000000000000000000];car;car74
000000000000000000000574;[000000000000000000000000];car;car75
000000000000000000000575;[000000000000000000000000];car;car76
000000000000000000000576;[000000000000000000000000];car;car77
000000000000000000000577;[000000000000000000000000];car;car78
000000000000000000000578;[000000000000000000000000];car;car79
000000000000000000000579;[000000000000000000000000];car;car80
000000000000000000000580;[000000000000000000000000];car;car81
000000000000000000000581;[000000000000000000000000];car;car82
000000000000000000000582;[000000000000000000000000];car;car83
000000000000000000000583;[000000000000000000000000];car;car84
000000000000000000000584;[000000000000000000000000];car;car85
000000000000000000000585;[000000000000000000000000];car;car86
000000000000000000000586;[000000000000000000000000];car;car87
000000000000000000000587;[000000000000000000000000];car;car88
000000000000000000000588;[000000000000000000000000];car;car89
000000000000000000000589;[000000000000000000000000];car;car90
000000000000000000000590;[000000000000000000000000];car;car91
000000000000000000000591;[000000000000000000000000];car;car92
000000000000000000000592;[000000000000000000000000];car;car93
000000000000000000000593;[000000000000000000000000];car;car94
000000000000000000000594;[000000000000000000000000];car;car95
000000000000000000000595;[000000000000000000000000];car;car96
000000000000000000000596;[000000000000000000000000];car;car97
000000000000000000000597;[000000000000000000000000];car;car98
000000000000000000000598;[000000000000000000000000];car;car99
000000000000000000000599;[000000000000000000000000];car;car100
000000000000000000000600;[000000000000000000000000];car;car101
000000000000000000000601;[000000000000000000000000];car;car102
000000000000000000000602;[000000000000000000000000];car;car103
000000000000000000000603;[000000000000000000000000];car;car104
000000000000000000000604;[000000000000000000000000];car;car105
000000000000000000000605;[000000000000000000000000];car;car106
000000000000000000000606;[000000000000000000000000];car;car107
000000000000000000000607;[000000000000000000000000];car;car108
000000000000000000000608;[000000000000000000000000];car;car109
000000000000000000000609;[000000000000000000000000];car;car110
000000000000000000000610;[000000000000000000000000];car;car111
000000000000000000000611;[000000000000000000000000];car;car112
000000000000000000000612;[000000000000000000000000];car;car113
000000000000000000000613;[000000000000000000000000];car;car114
000000000000000000000614;[000000000000000000000000];car;car115
000000000000000000000615;[000000000000000000000000];car;car116
000000000000000000000616;[000000000000000000000000];car;car117
000000000000000000000617;[000000000000000000000000];car;car118
000000000000000000000618;[000000000000000000000000];car;car119
000000000000000000000619;[000000000000000000000000];car;car120
000000000000000000000620;[000000000000000000000000];car;car121
000000000000000000000621;[000000000000000000000000];car;car122
000000000000000000000622;[000000000000000000000000];car;car123
000000000000000000000623;[000000000000000000000000];car;car124
000000000000000000000624;[000000000000000000000000];car;car125
000000000000000000000625;[000000000000000000000000];car;car126
000000000000000000000626;[000000000000000000000000];car;car127
000000000000000000000627;[000000000000000000000000];car;car128
000000000000000000000628;[000000000000000000000000];car;car129
000000000000000000000629;[000000000000000000000000];car;car130
000000000000000000000630;[000000000000000000000000];car;car131
000000000000000000000631;[000000000000000000000000];car;car132
000000000000000000000632;[000000000000000000000000];car;car133
000000000000000000000633;[000000000000000000000000];car;car134
000000000000000000000634;[000000000000000000000000];car;car135
000000000000000000000635;[000000000000000000000000];car;car136
000000000000000000000636;[000000000000000000000000];car;car137
000000000000000000000637;[000000000000000000000000];car;car138
000000000000000000000638;[000000000000000000000000];car;car139
000000000000000000000639;[000000000000000000000000];car;car140
000000000000000000000640;[000000000000000000000000];car;car141
000000000000000000000641;[000000000000000000000000];car;car142
000000000000000000000642;[000000000000000000000000];car;car143
000000000000000000000643;[000000000000000000000000];car;car144
000000000000000000000644;[000000000000000000000000];car;car145
000000000000000000000645;[000000000000000000000000];car;car146
000000000000000000000646;[000000000000000000000000];car;car147
000000000000000000000647;[000000000000000000000000];car;car148
000000000000000000000648;[000000000000000000000000];car;car149
000000000000000000000649;[000000000000000000000000];car;car150
000000000000000000000650;[000000000000000000000000];car;car151
000000000000000000000651;[000000000000000000000000];car;car152
000000000000000000000652;[000000000000000000000000];car;car153
000000000000000000000653;[000000000000000000000000];car;car154
000000000000000000000654;[000000000000000000000000];car;car155
000000000000000000000655;[000000000000000000000000];car;car156
000000000000000000000656;[000000000000000000000000];car;car157
000000000000000000000657;[000000000000000000000000];car;car158
000000000000000000000658;[000000000000000000000000];car;car159
000000000000000000000659;[000000000000000000000000];car;car160
000000000000000000000660;[000000000000000000000000];car;car161
000000000000000000000661;[000000000000000000000000];car;car162
000000000000000000000662;[000000000000000000000000];car;car163
000000000000000000000663;[000000000000000000000000];car;car164
000000000000000000000664;[000000000000000000000000];car;car165
000000000000000000000665;[000000000000000000000000];car;car166
000000000000000000000666;[000000000000000000000000];car;car167
000000000000000000000667;[000000000000000000000000];car;car168
000000000000000000000668;[000000000000000000000000];car;car169
000000000000000000000669;[000000000000000000000000];car;car170
000000000000000000000670;[000000000000000000000000];car;car171
000000000000000000000671;[000000000000000000000000];car;car172
000000000000000000000672;[000000000000000000000000];car;car173
000000000000000000000673;[000000000000000000000000];car;car174
000000000000000000000674;[000000000000000000000000];car;car175
000000000000000000000675;[000000000000000000000000];car;car176
000000000000000000000676;[000000000000000000000000];car;car177
000000000000000000000677;[000000000000000000000000];car;car178
000000000000000000000678;[000000000000000000000000];car;car179
000000000000000000000679;[000000000000000000000000];car;car180
000000000000000000000680;[000000000000000000000000];car;car181
000000000000000000000681;[000000000000000000000000];car;car182
000000000000000000000682;[000000000000000000000000];car;car183
000000000000000000000683;[000000000000000000000000];car;car184
000000000000000000000684;[000000000000000000000000];car;car185
000000000000000000000685;[000000000000000000000000];car;car186
000000000000000000000686;[000000000000000000000000];car;car187
000000000000000000000687;[000000000000000000000000];car;car188
000000000000000000000688;[000000000000000000000000];car;car189
000000000000000000000689;[000000000000000000000000];car;car190
000000000000000000000690;[000000000000000000000000];car;car191
000000000000000000000691;[000000000000000000000000];car;car192
000000000000000000000692;[000000000000000000000000];car;car193
000000000000000000000693;[000000000000000000000000];car;car194
000000000000000000000694;[000000000000000000000000];car;car195
000000000000000000000695;[000000000000000000000000];car;car196
000000000000000000000696;[000000000000000000000000];car;car197
000000000000000000000697;[000000000000000000000000];car;car198
000000000000000000000698;[000000000000000000000000];car;car199
000000000000000000000699;[000000000000000000000000];car;car200
000000000000000000000700;[000000000000000000000000];car;car201
000000000000000000000701;[000000000000000000000000];car;car202
000000000000000000000702;[000000000000000000000000];car;car203
000000000000000000000703;[000000000000000000000000];car;car204
000000000000000000000704;[000000000000000000000000];car;car205
000000000000000000000705;[000000000000000000000000];car;car206
000000000000000000000706;[000000000000000000000000];car;car207
000000000000000000000707;[000000000000000000000000];car;car208
000000000000000000000708;[000000000000000000000000];car;car209
000000000000000000000709;[000000000000000000000000];car;car210
000000000000000000000710;[000000000000000000000000];car;car211
000000000000000000000711;[000000000000000000000000];car;car212
000000000000000000000712;[000000000000000000000000];car;car213
000000000000000000000713;[000000000000000000000000];car;car214
000000000000000000000714;[000000000000000000000000];car;car215
000000000000000000000715;[000000000000000000000000];car;car216
000000000000000000000716;[000000000000000000000000];car;car217
000000000000000000000717;[000000000000000000000000];car;car218
000000000000000000000718;[000000000000000000000000];car;car219
000000000000000000000719;[000000000000000000000000];car;car220
000000000000000000000720;[000000000000000000000000];car;car221
000000000000000000000721;[000000000000000000000000];car;car222
000000000000000000000722;[000000000000000000000000];car;car223
000000000000000000000723;[000000000000000000000000];car;car224
000000000000000000000724;[000000000000000000000000];car;car225
000000000000000000000725;[000000000000000000000000];car;car226
000000000000000000000726;[000000000000000000000000];car;car227
000000000000000000000727;[000000000000000000000000];car;car228
000000000000000000000728;[000000000000000000000000];car;car229
000000000000000000000729;[000000000000000000000000];car;car230
000000000000000000000730;[000000000000000000000000];car;car231
000000000000000000000731;[000000000000000000000000];car;car232
000000000000000000000732;[000000000000000000000000];car;car233
000000000000000000000733;[000000000000000000000000];car;car234
000000000000000000000734;[000000000000000000000000];car;car235
000000000000000000000735;[000000000000000000000000];car;car236
000000000000000000000736;[000000000000000000000000];car;car237
000000000000000000000737;[000000000000000000000000];car;car238
000000000000000000000738;[000000000000000000000000];car;car239
000000000000000000000739;[000000000000000000000000];car;car240
000000000000000000000740;[000000000000000000000000];car;car241
000000000000000000000741;[000000000000000000000000];car;car242
000000000000000000000742;[000000000000000000000000];car;car243
000000000000000000000743;[000000000000000000000000];car;car244
000000000000000000000744;[000000000000000000000000];car;car245
000000000000000000000745;[000000000000000000000000];car;car246
000000000000000000000746;[000000000000000000000000];car;car247
000000000000000000000747;[000000000000000000000000];car;car248
000000000000000000000748;[000000000000000000000000];car;car249
000000000000000000000749;[000000000000000000000000];car;car250
000000000000000000000750;[000000000000000000000000];car;car251
000000000000000000000751;[000000000000000000000000];car;car252
000000000000000000000752;[000000000000000000000000];car;car253
000000000000000000000753;[000000000000000000000000];car;car254
000000000000000000000754;[000000000000000000000000];car;car255
000000000000000000000755;[000000000000000000000000];car;car256
000000000000000000000756;[000000000000000000000000];car;car257
000000000000000000000757;[000000000000000000000000];car;car258
000000000000000000000758;[000000000000000000000000];car;car259
000000000000000000000759;[000000000000000000000000];car;car260
000000000000000000000760;[000000000000000000000000];car;car261
000000000000000000000761;[000000000000000000000000];car;car262
000000000000000000000762;[000000000000000000000000];car;car263
000000000000000000000763;[000000000000000000000000];car;car264
000000000000000000000764;[000000000000000000000000];car;car265
000000000000000000000765;[000000000000000000000000];car;car266
000000000000000000000766;[000000000000000000000000];car;car267
000000000000000000000767;[000000000000000000000000];car;car268
000000000000000000000768;[000000000000000000000000];car;car269
000000000000000000000769;[000000000000000000000000];car;car270
000000000000000000000770;[000000000000000000000000];car;car271
000000000000000000000771;[000000000000000000000000];car;car272
000000000000000000000772;[000000000000000000000000];car;car273
000000000000000000000773;[000000000000000000000000];car;car274
000000000000000000000774;[000000000000000000000000];car;car275
000000000000000000000775;[000000000000000000000000];car;car276
000000000000000000000776;[000000000000000000000000];car;car277
000000000000000000000777;[000000000000000000000000];car;car278
000000000000000000000778;[000000000000000000000000];car;car279
000000000000000000000779;[000000000000000000000000];car;car280
000000000000000000000780;[000000000000000000000000];car;car281
000000000000000000000781;[000000000000000000000000];car;car282
000000000000000000000782;[000000000000000000000000];car;car283
000000000000000000000783;[000000000000000000000000];car;car284
000000000000000000000784;[000000000000000000000000];car;car285
000000000000000000000785;[000000000000000000000000];car;car286
000000000000000000000786;[000000000000000000000000];car;car287
000000000000000000000787;[000000000000000000000000];car;car288
000000000000000000000788;[000000000000000000000000];car;car289
000000000000000000000789;[000000000000000000000000];car;car290
000000000000000000000790;[000000000000000000000000];car;car291
000000000000000000000791;[000000000000000000000000];car;car292
000000000000000000000792;[000000000000000000000000];car;car293
000000000000000000000793;[000000000000000000000000];car;car294
000000000000000000000794;[000000000000000000000000];car;car295
000000000000000000000795;[000000000000000000000000];car;car296
000000000000000000000796;[000000000000000000000000];car;car297
000000000000000000000797;[000000000000000000000000];car;car298
000000000000000000000798;[000000000000000000000000];car;car299
000000000000000000000799;[000000000000000000000000];car;car300
000000000000000000000800;[000000000000000000000000];car;car301
000000000000000000000801;[000000000000000000000000];car;car302
000000000000000000000802;[000000000000000000000000];car;car303
000000000000000000000803;[000000000000000000000000];car;car304
000000000000000000000804;[000000000000000000000000];car;car305
000000000000000000000805;[000000000000000000000000];car;car306
000000000000000000000806;[000000000000000000000000];car;car307
000000000000000000000807;[000000000000000000000000];car;car308
000000000000000000000808;[000000000000000000000000];car;car309
000000000000000000000809;[000000000000000000000000];car;car310
000000000000000000000810;[000000000000000000000000];car;car311
000000000000000000000811;[000000000000000000000000];car;car312
000000000000000000000812;[000000000000000000000000];car;car313
000000000000000000000813;[000000000000000000000000];car;car314
000000000000000000000814;[000000000000000000000000];car;car315
000000000000000000000815;[000000000000000000000000];car;car316
000000000000000000000816;[000000000000000000000000];car;car317
000000000000000000000817;[000000000000000000000000];car;car318
000000000000000000000818;[000000000000000000000000];car;car319
000000000000000000000819;[000000000000000000000000];car;car320
000000000000000000000820;[000000000000000000000000];car;car321
000000000000000000000821;[000000000000000000000000];car;car322
000000000000000000000822;[000000000000000000000000];car;car323
000000000000000000000823;[000000000000000000000000];car;car324
000000000000000000000824;[000000000000000000000000];car;car325
000000000000000000000825;[000000000000000000000000];car;car326
000000000000000000000826;[000000000000000000000000];car;car327
000000000000000000000827;[000000000000000000000000];car;car328
000000000000000000000828;[000000000000000000000000];car;car329
000000000000000000000829;[000000000000000000000000];car;car330
000000000000000000000830;[000000000000000000000000];car;car331
000000000000000000000831;[000000000000000000000000];car;car332
000000000000000000000832;[000000000000000000000000];car;car333
000000000000000000000833;[000000000000000000000000];car;car334
000000000000000000000834;[000000000000000000000000];car;car335
000000000000000000000835;[000000000000000000000000];car;car336
000000000000000000000836;[000000000000000000000000];car;car337
000000000000000000000837;[000000000000000000000000];car;car338
000000000000000000000838;[000000000000000000000000];car;car339
000000000000000000000839;[000000000000000000000000];car;car340
000000000000000000000840;[000000000000000000000000];car;car341
000000000000000000000841;[000000000000000000000000];car;car342
000000000000000000000842;[000000000000000000000000];car;car343
000000000000000000000843;[000000000000000000000000];car;car344
000000000000000000000844;[000000000000000000000000];car;car345
000000000000000000000845;[000000000000000000000000];car;car346
000000000000000000000846;[000000000000000000000000];car;car347
000000000000000000000847;[000000000000000000000000];car;car348
000000000000000000000848;[000000000000000000000000];car;car349
000000000000000000000849;[000000000000000000000000];car;car350
000000000000000000000850;[000000000000000000000000];car;car351
000000000000000000000851;[000000000000000000000000];car;car352
000000000000000000000852;[000000000000000000000000];car;car353
000000000000000000000853;[000000000000000000000000];car;car354
000000000000000000000854;[000000000000000000000000];car;car355
000000000000000000000855;[000000000000000000000000];car;car356
000000000000000000000856;[000000000000000000000000];car;car357
000000000000000000000857;[000000000000000000000000];car;car358
000000000000000000000858;[000000000000000000000000];car;car359
000000000000000000000859;[000000000000000000000000];car;car360
000000000000000000000860;[000000000000000000000000];car;car361
000000000000000000000861;[000000000000000000000000];car;car362
000000000000000000000862;[000000000000000000000000];car;car363
000000000000000000000863;[000000000000000000000000];car;car364
000000000000000000000864;[000000000000000000000000];car;car365
000000000000000000000865;[000000000000000000000000];car;car366
000000000000000000000866;[000000000000000000000000];car;car367
000000000000000000000867;[000000000000000000000000];car;car368
000000000000000000000868;[000000000000000000000000];car;car369
000000000000000000000869;[000000000000000000000000];car;car370
000000000000000000000870;[000000000000000000000000];car;car371
000000000000000000000871;[000000000000000000000000];car;car372
000000000000000000000872;[000000000000000000000000];car;car373
000000000000000000000873;[000000000000000000000000];car;car374
000000000000000000000874;[000000000000000000000000];car;car375
000000000000000000000875;[000000000000000000000000];car;car376
000000000000000000000876;[000000000000000000000000];car;car377
000000000000000000000877;[000000000000000000000000];car;car378
000000000000000000000878;[000000000000000000000000];car;car379
000000000000000000000879;[000000000000000000000000];car;car380
000000000000000000000880;[000000000000000000000000];car;car381
000000000000000000000881;[000000000000000000000000];car;car382
000000000000000000000882;[000000000000000000000000];car;car383
000000000000000000000883;[000000000000000000000000];car;car384
000000000000000000000884;[000000000000000000000000];car;car385
000000000000000000000885;[000000000000000000000000];car;car386
000000000000000000000886;[000000000000000000000000];car;car387
000000000000000000000887;[000000000000000000000000];car;car388
000000000000000000000888;[000000000000000000000000];car;car389
000000000000000000000889;[000000000000000000000000];car;car390
000000000000000000000890;[000000000000000000000000];car;car391
000000000000000000000891;[000000000000000000000000];car;car392
000000000000000000000892;[000000000000000000000000];car;car393
000000000000000000000893;[000000000000000000000000];car;car394
000000000000000000000894;[000000000000000000000000];car;car395
000000000000000000000895;[000000000000000000000000];car;car396
000000000000000000000896;[000000000000000000000000];car;car397
000000000000000000000897;[000000000000000000000000];car;car398
000000000000000000000898;[000000000000000000000000];car;car399
000000000000000000000899;[000000000000000000000000];car;car400
000000000000000000000900;[000000000000000000000000];car;car401
000000000000000000000901;[000000000000000000000000];car;car402
000000000000000000000902;[000000000000000000000000];car;car403
000000000000000000000903;[000000000000000000000000];car;car404
000000000000000000000904;[000000000000000000000000];car;car405
000000000000000000000905;[000000000000000000000000];car;car406
000000000000000000000906;[000000000000000000000000];car;car407
000000000000000000000907;[000000000000000000000000];car;car408
000000000000000000000908;[000000000000000000000000];car;car409
000000000000000000000909;[000000000000000000000000];car;car410
000000000000000000000910;[000000000000000000000000];car;car411
000000000000000000000911;[000000000000000000000000];car;car412
000000000000000000000912;[000000000000000000000000];car;car413
000000000000000000000913;[000000000000000000000000];car;car414
000000000000000000000914;[000000000000000000000000];car;car415
000000000000000000000915;[000000000000000000000000];car;car416
000000000000000000000916;[000000000000000000000000];car;car417
000000000000000000000917;[000000000000000000000000];car;car418
000000000000000000000918;[000000000000000000000000];car;car419
000000000000000000000919;[000000000000000000000000];car;car420
000000000000000000000920;[000000000000000000000000];car;car421
000000000000000000000921;[000000000000000000000000];car;car422
000000000000000000000922;[000000000000000000000000];car;car423
000000000000000000000923;[000000000000000000000000];car;car424
000000000000000000000924;[000000000000000000000000];car;car425
000000000000000000000925;[000000000000000000000000];car;car426
000000000000000000000926;[000000000000000000000000];car;car427
000000000000000000000927;[000000000000000000000000];car;car428
000000000000000000000928;[000000000000000000000000];car;car429
000000000000000000000929;[000000000000000000000000];car;car430
000000000000000000000930;[000000000000000000000000];car;car431
000000000000000000000931;[000000000000000000000000];car;car432
000000000000000000000932;[000000000000000000000000];car;car433
000000000000000000000933;[000000000000000000000000];car;car434
000000000000000000000934;[000000000000000000000000];car;car435
000000000000000000000935;[000000000000000000000000];car;car436
000000000000000000000936;[000000000000000000000000];car;car437
000000000000000000000937;[000000000000000000000000];car;car438
000000000000000000000938;[000000000000000000000000];car;car439
000000000000000000000939;[000000000000000000000000];car;car440
000000000000000000000940;[000000000000000000000000];car;car441
000000000000000000000941;[000000000000000000000000];car;car442
000000000000000000000942;[000000000000000000000000];car;car443
000000000000000000000943;[000000000000000000000000];car;car444
000000000000000000000944;[000000000000000000000000];car;car445
000000000000000000000945;[000000000000000000000000];car;car446
000000000000000000000946;[000000000000000000000000];car;car447
000000000000000000000947;[000000000000000000000000];car;car448
000000000000000000000948;[000000000000000000000000];car;car449
000000000000000000000949;[000000000000000000000000];car;car450
000000000000000000000950;[000000000000000000000000];car;car451
000000000000000000000951;[000000000000000000000000];car;car452
000000000000000000000952;[000000000000000000000000];car;car453
000000000000000000000953;[000000000000000000000000];car;car454
000000000000000000000954;[000000000000000000000000];car;car455
000000000000000000000955;[000000000000000000000000];car;car456
000000000000000000000956;[000000000000000000000000];car;car457
000000000000000000000957;[000000000000000000000000];car;car458
000000000000000000000958;[000000000000000000000000];car;car459
000000000000000000000959;[000000000000000000000000];car;car460
000000000000000000000960;[000000000000000000000000];car;car461
000000000000000000000961;[000000000000000000000000];car;car462
000000000000000000000962;[000000000000000000000000];car;car463
000000000000000000000963;[000000000000000000000000];car;car464
000000000000000000000964;[000000000000000000000000];car;car465
000000000000000000000965;[000000000000000000000000];car;car466
000000000000000000000966;[000000000000000000000000];car;car467
000000000000000000000967;[000000000000000000000000];car;car468
000000000000000000000968;[000000000000000000000000];car;car469
000000000000000000000969;[000000000000000000000000];car;car470
000000000000000000000970;[000000000000000000000000];car;car471
000000000000000000000971;[000000000000000000000000];car;car472
000000000000000000000972;[000000000000000000000000];car;car473
000000000000000000000973;[000000000000000000000000];car;car474
000000000000000000000974;[000000000000000000000000];car;car475
000000000000000000000975;[000000000000000000000000];car;car476
000000000000000000000976;[000000000000000000000000];car;car477
000000000000000000000977;[000000000000000000000000];car;car478
000000000000000000000978;[000000000000000000000000];car;car479
000000000000000000000979;[000000000000000000000000];car;car480
000000000000000000000980;[000000000000000000000000];car;car481
000000000000000000000981;[000000000000000000000000];car;car482
000000000000000000000982;[000000000000000000000000];car;car483
000000000000000000000983;[000000000000000000000000];car;car484
000000000000000000000984;[000000000000000000000000];car;car485
000000000000000000000985;[000000000000000000000000];car;car486
000000000000000000000986;[000000000000000000000000];car;car487
000000000000000000000987;[000000000000000000000000];car;car488
000000000000000000000988;[000000000000000000000000];car;car489
000000000000000000000989;[000000000000000000000000];car;car490
000000000000000000000990;[000000000000000000000000];car;car491
000000000000000000000991;[000000000000000000000000];car;car492
000000000000000000000992;[000000000000000000000000];car;car493
000000000000000000000993;[000000000000000000000000];car;car494
000000000000000000000994;[000000000000000000000000];car;car495
000000000000000000000995;[000000000000000000000000];car;car496
000000000000000000000996;[000000000000000000000000];car;car497
000000000000000000000997;[000000000000000000000000];car;car498
000000000000000000000998;[000000000000000000000000];car;car499
000000000000000000000999;[000000000000000000000000];car;car500
